id,title,tagline,description,userID,tags,category
41edbc3e-2636-4806-bd87-4c19f273bb3c,Test Project,some tagline,some description,5f5a90e2-6601-480c-bc08-7592e06beacd,"['coding', 'new-tag']",Health and Wellness
467f58b6-c640-493a-aceb-36dea9881778,To the Cosmos,Where Dreams Touch the Stars,"Cosmos is a visionary project that propels you into the infinite wonders of the universe. It blends advanced technology, immersive education, and thrilling adventures to foster a profound bond with the celestial realm. Unearth the secrets of the cosmos, from galaxies to nebulae, and be captivated by the magic of the night sky.",0db6b893-14aa-4ae5-8e57-692ca7943ab5,"['exploration', 'beyondearth', 'software', 'stargazing', 'astronomy']",Travel and Exploration
6f6235eb-a751-43f2-8bad-506c884635db,Cosmos,Enter the starline,"Lorem ipsum dolor sit, amet consectetur adipisicing elit. Eos ea eaque consectetur ducimus facilis vel quod suscipit ut blanditiis sunt ex et recusandae sequi eveniet quas aspernatur, doloremque. Esse explicabo ipsa facilis assumenda, dolores quidem distinctio impedit quae odio quos. Officiis soluta suscipit sed sit cum rerum eius placeat ratione ut incidunt, et quam aspernatur voluptatibus unde nostrum animi, consectetur rem a vit Officiis nihil dolorum sequi culpa.

",0db6b893-14aa-4ae5-8e57-692ca7943ab5,"['astronomy', 'physics', 'website']",Astronomy
b5a0f61f-6ae4-4036-97c1-beb0b5605a7a,Space Explorer,To the space and beyond,"Sky Explorer is an ambitious and groundbreaking project that seeks to redefine the way we interact with the skies above us. It's a multifaceted initiative that combines cutting-edge technology, education, and adventure to inspire a deeper connection with the celestial world. Sky Explorer offers an unparalleled opportunity to explore the mysteries of the sky and go beyond what was once thought possible.",0db6b893-14aa-4ae5-8e57-692ca7943ab5,"['space', 'exploration', 'app', 'spacetravel', 'nextgen']",Travel and Exploration
45ba1903-cafe-4e57-b7ec-1de402d32cc1,Interact,"create, connect, collaborate","Lorem ipsum dolor sit, amet consectetur adipisicing elit. Eos ea eaque consectetur ducimus facilis vel quod suscipit ut blanditiis sunt ex et recusandae sequi eveniet quas aspernatur temluta suscipit sed sit cum rerum eius placeat ratione ut incidunt, et quam aspernatur voluptatibus unde nostrum animi, consectetur rem a vitae expedita iure ducimus labore? Officiis nihil dolorum sequi culpa.
",0db6b893-14aa-4ae5-8e57-692ca7943ab5,"['js', 'ts', 'students']",tech
22a9acc5-428a-41d4-b056-9bebe9183afe,Waderlust,Travel for life, dwdaw dja hjdw djaw dawdkadwakdwalkdwad wadawjhddw dwajkbwbdawnd awd wakja;fwngwjkg thr gerefefuheopg;ermg g sjfbiofkes fesfesf esfeskgneoiesfm gf jseknfsemfs fs efeskf se gesjiofespdm,0db6b893-14aa-4ae5-8e57-692ca7943ab5,"['travel', 'app', 'treks']",travel
37e5167f-10d9-429d-99c4-260d68e39307,EcoGarden,"Grow, Nurture, and Harvest Joy","EcoGarden is not just a garden; it's your haven of green amidst the urban landscape. Personalize your garden, receive care alerts, and watch life bloom.",0db6b893-14aa-4ae5-8e57-692ca7943ab5,"['Gardening', 'Green', 'Nature']",Sustainability and Green Tech
a67a478a-e7d2-4256-9f17-24fea781ce64,Smart Home Automation System,Simplify your life with intelligent automation,"Create a cutting-edge smart home system that enables homeowners to control and automate various aspects of their home, from lighting to security.",0db6b893-14aa-4ae5-8e57-692ca7943ab5,"['IoT', 'Automation', 'Home', 'Smart Technology']",Technology and Software
502af4fe-b525-4832-a617-1224e64f5f06,Clean Energy Solutions for Urban Areas,Powering cities with renewable energy,"Develop sustainable energy solutions for urban environments, including solar panels, wind turbines, and energy-efficient infrastructure.",0db6b893-14aa-4ae5-8e57-692ca7943ab5,"['Renewable Energy', 'Sustainability', 'Urban Development']",Sustainability and Green Tech
8f9b9a0c-144e-4fea-a03b-d8130230fd7f,Online Learning Platform for STEM Education,Unlock the potential of online STEM education,Build an interactive e-learning platform that offers high-quality STEM courses and resources to students of all ages.,0db6b893-14aa-4ae5-8e57-692ca7943ab5,"['E-Learning', 'STEM Education', 'Online Learning']",Education and E-Learning
a84e3153-b94d-407e-bb5f-6dc9126d397e,Artificial Intelligence in Healthcare,Revolutionizing healthcare with AI,"Implement AI and machine learning algorithms to improve diagnostics, patient care, and streamline healthcare operations.",0db6b893-14aa-4ae5-8e57-692ca7943ab5,"['Healthcare', 'AI', 'Machine Learning', 'Medical Technology']",Health and Wellness
88fbe93e-771f-41fb-a675-663943fc5953,Virtual Reality Gaming Experience,Immerse yourself in a new world of gaming,Create an exciting VR gaming platform with stunning visuals and immersive gameplay for gamers of all ages.,0db6b893-14aa-4ae5-8e57-692ca7943ab5,"['Gaming', 'Virtual Reality', 'Entertainment']",Arts and Entertainment
289d5e26-951a-48bb-bc4e-c7261aa6749b,Community Social Network,Connecting neighbors and friends,Build a social networking platform to help people connect and engage with their local communities and friends.,0db6b893-14aa-4ae5-8e57-692ca7943ab5,"['Social Networking', 'Community', 'Communication']",Social and Networking
69aff6b3-d087-4685-a1c1-01cc579cffbc,Eco-Friendly Travel Booking Service,Travel sustainably with us,Create a travel booking platform that promotes eco-friendly travel options and supports sustainable tourism.,0db6b893-14aa-4ae5-8e57-692ca7943ab5,"['Travel', 'Eco-Friendly', 'Tourism']",Travel and Exploration
ef0e2bd6-8e7d-4041-ab47-e4f16a537d94,Online Fashion Marketplace,Discover your style online,"Launch an e-commerce platform for fashion enthusiasts to buy and sell clothing, accessories, and more.",0db6b893-14aa-4ae5-8e57-692ca7943ab5,"['Fashion', 'E-Commerce', 'Online Marketplace']",E-Commerce and Retail
c3d7e068-15bf-471e-8cf6-01e8e5762d16,Financial Inclusion App,"Banking for everyone, everywhere",Develop a fintech app that provides easy access to banking and financial services for underserved communities.,0db6b893-14aa-4ae5-8e57-692ca7943ab5,"['Fintech', 'Financial Inclusion', 'Mobile Banking']",Finance and Fintech
94e6addf-2385-4a47-90bd-129430dda119,Sustainable Agriculture Solutions,Farming for the future,Create innovative technologies and practices to promote sustainable and efficient agriculture.,0db6b893-14aa-4ae5-8e57-692ca7943ab5,"['Agriculture', 'Sustainability', 'Farming']",Agriculture and Farming
5283651c-2d21-432d-9b15-f4e2e4880ce4,Interactive Media and Storytelling,Engage and entertain with interactive content,"Build a platform for interactive and immersive media experiences, including storytelling, gaming, and education.",0db6b893-14aa-4ae5-8e57-692ca7943ab5,"['Media', 'Storytelling', 'Interactive Content']",Media and Publishing
214908d1-fbc2-4ea3-a826-12e6be9286e2,Smart Transportation Solutions,The future of urban mobility,Develop intelligent transportation systems and solutions to enhance urban mobility and reduce congestion.,0db6b893-14aa-4ae5-8e57-692ca7943ab5,"['Transportation', 'Smart Mobility', 'Urban Transportation']",Automotive and Transportation
3de703a1-9e64-46d1-92e9-db342d3a57c8,Real Estate Investment App,Invest in properties with ease,"Create an app that simplifies real estate investment by providing information, tools, and investment opportunities.",0db6b893-14aa-4ae5-8e57-692ca7943ab5,"['Real Estate', 'Investment', 'Property']",Real Estate and Property
51242900-2dab-4baa-9f60-253d9d09579f,Charity and Non-Profit Management,Empowering nonprofits to make a difference,Build a management platform to assist charitable organizations in their mission to create a positive impact.,0db6b893-14aa-4ae5-8e57-692ca7943ab5,"['Non-Profit', 'Charity', 'Philanthropy']",Charity and Non-Profit
3fc5d8f5-91ff-48f8-96ef-a51286d5062b,Government Transparency Initiative,Open and accountable government,"Develop tools and solutions to promote transparency, citizen engagement, and accountability in government operations.",0db6b893-14aa-4ae5-8e57-692ca7943ab5,"['Government', 'Civic Tech', 'Transparency']",Government and Civic Tech
2af47691-0d94-4e9b-b6c2-08cc927bd196,Sports Training and Performance,Elevate your game,Create a comprehensive sports training and performance platform to help athletes reach their full potential.,0db6b893-14aa-4ae5-8e57-692ca7943ab5,"['Sports', 'Training', 'Athletics']",Sports and Recreation
36864e13-d7fa-4a64-9474-48b1fe552d9d,Smart Manufacturing Solutions,Innovate your production process,"Implement smart manufacturing technologies to optimize production processes, increase efficiency, and reduce costs.",0db6b893-14aa-4ae5-8e57-692ca7943ab5,"['Manufacturing', 'Automation', 'Industry']",Manufacturing and Industrial
4cb48457-5ca4-4eb7-8eb7-a33373bd6852,Advanced Environmental Monitoring,Protecting our planet through data,"Develop an advanced environmental monitoring system to collect and analyze data on air quality, pollution, and climate change.",0db6b893-14aa-4ae5-8e57-692ca7943ab5,"['Environmental Monitoring', 'Data Analysis', 'Climate Awareness']",Sustainability and Green Tech
b1e7d5e9-13b7-4e16-b2ef-e5313c88d4d2,Language Learning App for Kids,Fun and interactive language education,Create a mobile app designed to make language learning enjoyable and effective for children.,0db6b893-14aa-4ae5-8e57-692ca7943ab5,"['Language Learning', 'Education', 'Children']",Education and E-Learning
f1fd9fc3-cf09-491e-be74-73387cb96b42,AI-Powered Healthcare Chatbot,Instant medical advice at your fingertips,Build a chatbot with AI capabilities that can provide users with medical information and assistance in real-time.,0db6b893-14aa-4ae5-8e57-692ca7943ab5,"['Healthcare', 'AI', 'Chatbot']",Health and Wellness
5406bee7-12f6-4894-9af0-f3a1247b493c,Virtual Art Gallery Experience,Explore the world of art from home,Create a virtual art gallery where art enthusiasts can explore and appreciate artwork from various artists and eras.,0db6b893-14aa-4ae5-8e57-692ca7943ab5,"['Art', 'Virtual Reality', 'Culture']",Arts and Entertainment
5ec9da4b-3095-481d-8070-e0613c2db5e0,Professional Networking Platform,Connecting professionals worldwide,"Develop a platform that allows professionals to network, share knowledge, and advance their careers.",0db6b893-14aa-4ae5-8e57-692ca7943ab5,"['Professional Networking', 'Career Development', 'Business']",Social and Networking
b12370f6-2203-495f-b7d9-bead7917cb55,Sustainable Tourism Booking,Travel responsibly and make memories,Build a platform that helps travelers find eco-friendly and sustainable tourism options while exploring the world.,0db6b893-14aa-4ae5-8e57-692ca7943ab5,"['Travel', 'Sustainability', 'Tourism']",Travel and Exploration
0bf74128-f97f-4684-8612-7cb17c8e2323,Luxury Fashion E-Commerce,Experience luxury online shopping,"Launch an e-commerce platform dedicated to luxury fashion, offering exclusive items from top designers.",0db6b893-14aa-4ae5-8e57-692ca7943ab5,"['Fashion', 'Luxury', 'Online Shopping']",E-Commerce and Retail
cba1183a-c57c-42d2-94c5-d53e30c9e8cf,Cryptocurrency Wallet and Exchange,Your gateway to the world of crypto,"Create a secure and user-friendly cryptocurrency wallet and exchange platform for buying, selling, and trading digital assets.",0db6b893-14aa-4ae5-8e57-692ca7943ab5,"['Cryptocurrency', 'Blockchain', 'Digital Finance']",Finance and Fintech
73caa4df-d839-476c-905d-5747676f684e,Smart Farming Technology,Empowering farmers with innovation,Develop smart farming technology and tools to enhance agricultural practices and increase crop yields.,0db6b893-14aa-4ae5-8e57-692ca7943ab5,"['Agriculture', 'Innovation', 'Farm Tech']",Agriculture and Farming
f3be92c2-2293-4935-87e5-6f4b9b0b4ad1,Interactive Educational Content,"Engage, learn, and grow",Create interactive educational content for students and lifelong learners to make learning more engaging and effective.,0db6b893-14aa-4ae5-8e57-692ca7943ab5,"['Education', 'Interactive Learning', 'EdTech']",Education and E-Learning
1eda29d0-8c8c-49e2-b279-4c3b4adc25dc,AI-Powered News Aggregator,Stay informed with personalized news,Build an AI-driven news aggregator that provides users with personalized news content based on their interests and preferences.,0db6b893-14aa-4ae5-8e57-692ca7943ab5,"['News', 'AI', 'Media']",Media and Publishing
06ffefdc-b05b-4c4e-8aa0-be66dde7670c,Electric Vehicle Charging Network,Charging for a sustainable future,Establish a network of electric vehicle charging stations to support the growing demand for eco-friendly transportation.,0db6b893-14aa-4ae5-8e57-692ca7943ab5,"['Electric Vehicles', 'Sustainability', 'Green Technology']",Automotive and Transportation
6abfd81a-6718-4ba7-a11c-2095b9d1784e,Property Management Software,Efficient management made easy,"Develop software to simplify property management tasks, including rent collection, maintenance, and tenant communication.",0db6b893-14aa-4ae5-8e57-692ca7943ab5,"['Real Estate', 'Property Management', 'Software']",Real Estate and Property
2d079d53-ecec-47ef-8e90-3eac09e2c0c9,Humanitarian Aid Coordination,Helping those in need,Create a platform that coordinates and optimizes humanitarian aid efforts in response to disasters and crises.,0db6b893-14aa-4ae5-8e57-692ca7943ab5,"['Humanitarian Aid', 'Charity', 'Emergency Response']",Charity and Non-Profit
673277b3-6196-4ab2-bfa5-180cca8923e4,Government Digital Services,Digital transformation for public services,Work on digital solutions that enhance government services and improve accessibility and efficiency for citizens.,0db6b893-14aa-4ae5-8e57-692ca7943ab5,"['Government', 'Digital Services', 'Civic Tech']",Government and Civic Tech
0d745eb2-398d-47af-a126-2e1f1a436091,Personalized Fitness Coaching,Achieve your fitness goals with guidance,"Develop an app that offers personalized fitness coaching, training plans, and nutrition advice to help users reach their health goals.",0db6b893-14aa-4ae5-8e57-692ca7943ab5,"['Fitness', 'Health', 'Personal Coaching']",Health and Wellness
07791bd3-3c81-4f51-bbd7-f427a58a7cba,Online Artisan Marketplace,Discover handmade treasures online,"Launch a platform that connects artisans and craftsmen with a global audience interested in unique, handmade products.",0db6b893-14aa-4ae5-8e57-692ca7943ab5,"['Artisan', 'Handmade', 'Crafts']",E-Commerce and Retail
2f44bdd9-5a68-4c47-aa52-5a7a55e3d904,Decentralized Finance (DeFi) Platform,Financial services without intermediaries,Create a decentralized finance platform that enables users to access a range of financial services using blockchain technology.,0db6b893-14aa-4ae5-8e57-692ca7943ab5,"['DeFi', 'Blockchain', 'Digital Finance']",Finance and Fintech
fbd2a661-a585-4901-ab5b-1cc21e7cea03,Smart Water Management System,Conserving water resources smartly,"Develop a system to monitor and optimize water usage in residential, commercial, and agricultural settings.",0db6b893-14aa-4ae5-8e57-692ca7943ab5,"['Water Management', 'Sustainability', 'IoT']",Sustainability and Green Tech
d7db0292-deca-4818-8de1-6ec8d989c98f,Remote Work Productivity Suite,Optimize remote work efficiency,Create a suite of tools and resources to enhance productivity and collaboration for remote workers and distributed teams.,0db6b893-14aa-4ae5-8e57-692ca7943ab5,"['Remote Work', 'Productivity', 'Collaboration']",Technology and Software
0e2350c1-0b51-4221-8429-1a214f0a5df2,Smart Home Garden System,Gardening made easy with automation,Design an automated garden system that enables individuals to grow fresh produce and flowers in their own homes.,0db6b893-14aa-4ae5-8e57-692ca7943ab5,"['Smart Gardening', 'Home Agriculture', 'IoT']",Sustainability and Green Tech
4913ad80-8f42-4254-a7a6-72cf575d1371,Virtual Science Museum,Exploring the wonders of science,Develop an immersive virtual science museum that offers educational exhibits and interactive experiences for all ages.,0db6b893-14aa-4ae5-8e57-692ca7943ab5,"['Science Education', 'Museum', 'Virtual Reality']",Education and E-Learning
c18a1388-2a12-465b-84d5-0987b328cc1c,Telemedicine Platform for Mental Health,Supporting mental well-being remotely,Create a telemedicine platform that connects patients with mental health professionals for counseling and therapy sessions.,0db6b893-14aa-4ae5-8e57-692ca7943ab5,"['Mental Health', 'Telehealth', 'Therapy']",Health and Wellness
2dc775e8-577e-421b-941f-6d00ed9aa2cc,Online Music Streaming Service,Discover and enjoy your favorite tunes,Launch an online music streaming service that offers a vast library of songs and personalized playlists for music lovers.,0db6b893-14aa-4ae5-8e57-692ca7943ab5,"['Music', 'Streaming', 'Entertainment']",Arts and Entertainment
22432598-7c89-4821-856f-c75e63df58c6,Global Language Translation App,Breaking language barriers worldwide,Develop an app that offers real-time translation for multiple languages to facilitate global communication and understanding.,0db6b893-14aa-4ae5-8e57-692ca7943ab5,"['Translation', 'Language', 'Communication']",Social and Networking
2340c93c-4e74-458a-b7f4-4f7546cb0bb5,Eco-Friendly Travel Accommodations,Sustainable lodging for eco-conscious travelers,"Curate a network of eco-friendly accommodations, from hotels to vacation rentals, for travelers who prioritize sustainability.",0db6b893-14aa-4ae5-8e57-692ca7943ab5,"['Travel', 'Eco-Friendly', 'Lodging']",Travel and Exploration
56b926f0-7923-49b9-90f5-e6f433edbc87,Tech Gadgets Subscription Box,Experience the latest tech innovations,Launch a subscription service that delivers cutting-edge tech gadgets and accessories to subscribers on a regular basis.,0db6b893-14aa-4ae5-8e57-692ca7943ab5,"['Tech Gadgets', 'Subscription Box', 'Innovation']",E-Commerce and Retail
73fe28a6-5d58-4732-a348-bda71279ef2e,Decentralized Identity Verification,Taking control of your digital identity,Create a decentralized identity verification platform that empowers individuals to manage and secure their digital identities.,0db6b893-14aa-4ae5-8e57-692ca7943ab5,"['Identity Verification', 'Blockchain', 'Privacy']",Technology and Software
3a08e912-ff3b-4d7b-be80-82614f1eb877,AI-Powered Financial Planning,Plan your financial future with AI assistance,Develop an AI-driven financial planning platform that provides users with personalized financial advice and investment strategies.,0db6b893-14aa-4ae5-8e57-692ca7943ab5,"['Fintech', 'AI', 'Financial Planning']",Finance and Fintech
090cd8ca-2d1d-4a2c-8195-82534e7a1910,Precision Agriculture Drones,Optimizing farming with aerial technology,Build drones equipped with sensors and cameras to monitor and enhance crop management and agricultural practices.,0db6b893-14aa-4ae5-8e57-692ca7943ab5,"['Agriculture', 'Drones', 'Precision Farming']",Agriculture and Farming
3cecd968-43b6-495a-9885-f3483f267f46,Virtual History Tours,Time travel through history,Create virtual tours that allow users to explore historical sites and landmarks through immersive digital experiences.,0db6b893-14aa-4ae5-8e57-692ca7943ab5,"['History', 'Virtual Tours', 'Education']",Arts and Entertainment
84d81af5-d58c-4d0a-9605-7ee90d39fd26,Smart Public Transportation,Efficient and eco-friendly urban transit,Implement smart transportation systems for cities to improve public transit efficiency and reduce environmental impact.,0db6b893-14aa-4ae5-8e57-692ca7943ab5,"['Public Transportation', 'Smart Mobility', 'Urban Transit']",Automotive and Transportation
fde2e51e-bd4d-4418-b2a2-35352b734b5f,Real Estate Investment Crowdfunding,Invest in properties with a community,Launch a crowdfunding platform that enables individuals to invest in real estate properties collectively.,0db6b893-14aa-4ae5-8e57-692ca7943ab5,"['Real Estate', 'Investment', 'Crowdfunding']",Real Estate and Property
2ebbc14c-ec45-4e78-b8de-07a7fab5dc71,Charitable Giving App,Make a difference with every donation,Create a mobile app that makes charitable giving easy and connects donors with causes they care about.,0db6b893-14aa-4ae5-8e57-692ca7943ab5,"['Charity', 'Donations', 'Philanthropy']",Charity and Non-Profit
7b708d45-f80a-4d5d-ae42-b9ec4ae6aa4c,Government Open Data Initiative,Transparency through open data,Develop a program that encourages government agencies to release open data for public access and analysis.,0db6b893-14aa-4ae5-8e57-692ca7943ab5,"['Government', 'Open Data', 'Transparency']",Government and Civic Tech
7ec8e051-4893-458c-b2cb-393c7b964fef,Smart Sports Equipment,Elevating athletic performance,Design and manufacture smart sports equipment that provides athletes with real-time performance data and insights.,0db6b893-14aa-4ae5-8e57-692ca7943ab5,"['Sports', 'Athletics', 'Smart Equipment']",Sports and Recreation
23850114-006e-4a1c-b416-ad99b9da1c93,Industrial IoT Solutions,Transforming industrial operations,"Implement Industrial Internet of Things (IoT) solutions to enhance efficiency, safety, and monitoring in manufacturing settings.",0db6b893-14aa-4ae5-8e57-692ca7943ab5,"['IoT', 'Industrial', 'Manufacturing']",Manufacturing and Industrial
af3fe95a-b14d-49b9-ba24-ae7e6c9330d2,Smart Water Filtration System,Clean water for all,Create an advanced water filtration system that ensures safe and clean drinking water for communities worldwide.,0db6b893-14aa-4ae5-8e57-692ca7943ab5,"['Water Filtration', 'Sustainability', 'Clean Water']",Sustainability and Green Tech